<launch>
    <!-- 迷你机器人，基础参数 -->
    <arg name="robot_name" />
  
    <arg name="model" />
    <arg name="gui" default="False" />

    <!-- 加载机器人模型描述参数 -->
    <param name="robot_description" command="$(find xacro)/xacro --inorder '$(find tianbot_mini)/urdf/tianbot_mini_run.urdf.xacro' prefix:=$(arg robot_name)" />
    <!-- 运行joint_state_publisher节点，发布机器人的关节状态  -->
    <node name="joint_state_publisher" pkg="joint_state_publisher" type="joint_state_publisher" >
        <param name="rate" value="50"/>
    </node> 


    <!-- 运行robot_state_publisher节点，发布tf  -->
    <node name="robot_state_publisher" pkg="robot_state_publisher" type="robot_state_publisher"  output="screen" >
        <param name="publish_frequency" type="double" value="50.0" />
    </node>
</launch>
